Gene,Drug,Mutation,New_Residue,Is_Hydrophobic_New,Hydrophobicity_Changed,Is_Charged_New,Charge_Changed,Is_Polar_New,Polarity_Changed,Is_Aromatic_New,Aromaticity_Changed,Size_New,Size_Change,On_Interface
atpE,bedaquiline,p.Ala63Pro,P,False,True,False,False,False,False,False,False,115,26,True
atpE,bedaquiline,p.Asp28Ala,A,True,False,False,True,False,False,False,False,89,-44,True
atpE,bedaquiline,p.Asp28Gly,G,False,False,False,True,False,False,False,False,75,-58,True
atpE,bedaquiline,p.Asp28Val,V,True,False,False,True,False,False,False,False,117,-16,True
atpE,bedaquiline,p.Glu61Asp,D,False,False,True,False,False,False,False,False,133,-14,True
atpE,bedaquiline,p.Ile66Met,M,True,False,False,False,True,True,False,False,149,18,True
Rv0678,bedaquiline,p.Ala36Val,V,True,False,False,False,False,False,False,False,117,28,False
Rv0678,bedaquiline,p.Asn70Asp,D,False,False,True,True,False,True,False,False,133,1,False
Rv0678,bedaquiline,p.Cys46Arg,R,False,False,True,True,False,True,False,False,174,53,False
Rv0678,bedaquiline,p.Gly121Arg,R,False,False,True,True,False,False,False,False,174,99,False
Rv0678,bedaquiline,p.Ile67Ser,S,False,True,False,False,True,True,False,False,105,-26,False
Rv0678,bedaquiline,p.Leu117Arg,R,False,True,True,True,False,False,False,False,174,43,False
Rv0678,bedaquiline,p.Leu32Ser,S,False,True,False,False,True,True,False,False,105,-26,False
Rv0678,bedaquiline,p.Met146Thr,T,False,True,False,False,True,False,False,False,119,-30,False
Rv0678,clofazimine,p.Ala36Val,V,True,False,False,False,False,False,False,False,117,28,False
Rv0678,clofazimine,p.Asn70Asp,D,False,False,True,True,False,True,False,False,133,1,False
Rv0678,clofazimine,p.Cys46Arg,R,False,False,True,True,False,True,False,False,174,53,False
Rv0678,clofazimine,p.Gly121Arg,R,False,False,True,True,False,False,False,False,174,99,False
Rv0678,clofazimine,p.Ile67Ser,S,False,True,False,False,True,True,False,False,105,-26,False
Rv0678,clofazimine,p.Leu117Arg,R,False,True,True,True,False,False,False,False,174,43,False
Rv0678,clofazimine,p.Leu32Ser,S,False,True,False,False,True,True,False,False,105,-26,False
Rv0678,clofazimine,p.Met146Thr,T,False,True,False,False,True,False,False,False,119,-30,False
tlyA,capreomycin,p.Asn236Lys,K,False,False,True,True,False,True,False,False,146,14,True
tlyA,capreomycin,p.Gly232Asp,D,False,False,True,True,False,False,False,False,133,58,True
tlyA,capreomycin,p.Leu118Pro,P,False,True,False,False,False,False,False,False,115,-16,True
tlyA,capreomycin,p.Phe185Leu,L,True,False,False,False,False,False,False,True,131,-34,True
tlyA,capreomycin,p.Ala91Glu,E,False,True,True,True,False,False,False,False,147,58,False
tlyA,capreomycin,p.Val128Glu,E,False,True,True,True,False,False,False,False,147,30,True
tlyA,capreomycin,p.Pro183Leu,L,True,False,False,False,False,False,False,False,131,16,False
fbiA,delamanid,p.Asp49Tyr,Y,True,False,False,True,True,True,True,True,181,48,True
fgd1,delamanid,p.Gln88Glu,E,False,False,True,True,False,True,False,False,147,1,True
ddn,delamanid,p.Leu49Pro,P,False,True,False,False,False,False,False,False,115,-16,True
ddn,delamanid,p.Leu107Pro,P,False,True,False,False,False,False,False,False,115,-16,False
ddn,delamanid,p.Gly81Asp,D,False,False,True,True,False,False,False,False,133,58,False
embA,ethambutol,p.Asp833Ala,A,True,False,False,True,False,False,False,False,89,-44,True
embA,ethambutol,p.Ala462Val,V,True,False,False,False,False,False,False,False,117,28,False
embA,ethambutol,p.Gly350Asp,D,False,False,True,True,False,False,False,False,133,58,False
embA,ethambutol,p.Gly321Ser,S,False,False,False,False,True,True,False,False,105,30,False
embB,ethambutol,p.Asp328Tyr,Y,True,False,False,True,True,True,True,True,181,48,False
embB,ethambutol,p.Asp354Ala,A,True,False,False,True,False,False,False,False,89,-44,False
embB,ethambutol,p.Gln497Arg,R,False,False,True,True,False,True,False,False,174,28,False
embB,ethambutol,p.Gln497Lys,K,False,False,True,True,False,True,False,False,146,0,False
embB,ethambutol,p.Gly406Ala,A,True,False,False,False,False,False,False,False,89,14,False
embB,ethambutol,p.Gly406Asp,D,False,False,True,True,False,False,False,False,133,58,False
embB,ethambutol,p.Gly406Cys,C,False,False,False,False,True,True,False,False,121,46,False
embB,ethambutol,p.Gly406Ser,S,False,False,False,False,True,True,False,False,105,30,False
embB,ethambutol,p.Met306Ile,I,True,False,False,False,False,True,False,False,131,-18,False
embB,ethambutol,p.Met306Leu,L,True,False,False,False,False,True,False,False,131,-18,False
embB,ethambutol,p.Met306Val,V,True,False,False,False,False,True,False,False,117,-32,False
embB,ethambutol,p.Tyr319Cys,C,False,True,False,False,True,False,False,True,121,-60,False
embB,ethambutol,p.Tyr319Ser,S,False,True,False,False,True,False,False,True,105,-76,False
embB,ethambutol,p.Phe287Val,V,True,False,False,False,False,False,False,True,117,-48,False
embB,ethambutol,p.Ala357Ser,S,False,True,False,False,True,True,False,False,105,16,False
embB,ethambutol,p.Val309Gly,G,False,True,False,False,False,False,False,False,75,-42,False
embB,ethambutol,p.Ser347Cys,C,False,False,False,False,True,False,False,False,121,16,False
embB,ethambutol,p.Arg367Pro,P,False,False,False,True,False,False,False,False,115,-59,False
embB,ethambutol,p.Ser272Ile,I,True,False,False,False,False,True,False,False,131,26,False
embB,ethambutol,p.Pro375Ala,A,True,False,False,False,False,False,False,False,89,-26,False
embB,ethambutol,p.Ser298Trp,W,True,False,False,False,True,False,True,True,204,99,False
embB,ethambutol,p.Asn318His,H,False,False,False,False,False,True,False,False,155,23,True
embB,ethambutol,p.Ala357Val,V,True,False,False,False,False,False,False,False,117,28,False
embB,ethambutol,p.Arg507Lys,K,False,False,True,False,False,False,False,False,146,-28,False
embB,ethambutol,p.Ala271Val,V,True,False,False,False,False,False,False,False,117,28,False
embB,ethambutol,p.Ala281Pro,P,False,True,False,False,False,False,False,False,115,26,False
embB,ethambutol,p.Ser366Pro,P,False,False,False,False,False,True,False,False,115,10,False
embB,ethambutol,p.Asn296Lys,K,False,False,True,True,False,True,False,False,146,14,False
embB,ethambutol,p.Glu368Gln,Q,False,False,False,True,True,True,False,False,146,-1,False
embB,ethambutol,p.Ala388Gly,G,False,True,False,False,False,False,False,False,75,-14,False
embB,ethambutol,p.Pro397Gln,Q,False,False,False,False,True,True,False,False,146,31,False
embB,ethambutol,p.Trp395Arg,R,False,True,True,True,False,True,False,True,174,-30,False
embB,ethambutol,p.Arg460Leu,L,True,False,False,True,False,False,False,False,131,-43,False
embB,ethambutol,p.Phe287Cys,C,False,True,False,False,True,True,False,True,121,-44,False
embB,ethambutol,p.Pro446His,H,False,False,False,False,False,False,False,False,155,40,False
embB,ethambutol,p.Ala221Gly,G,False,True,False,False,False,False,False,False,75,-14,False
embB,ethambutol,p.Ala225Ser,S,False,True,False,False,True,True,False,False,105,16,False
embB,ethambutol,p.Ser380Arg,R,False,False,True,True,False,True,False,False,174,69,False
embB,ethambutol,p.Gly459Ala,A,True,False,False,False,False,False,False,False,89,14,False
embB,ethambutol,p.Ala379Asp,D,False,True,True,True,False,False,False,False,133,44,False
embB,ethambutol,p.Ser317Thr,T,False,False,False,False,True,False,False,False,119,14,False
embB,ethambutol,p.Asp299Glu,E,False,False,True,False,False,False,False,False,147,14,False
embB,ethambutol,p.Ala431Thr,T,False,True,False,False,True,True,False,False,119,30,False
embB,ethambutol,p.Phe398Tyr,Y,True,False,False,False,True,True,True,False,181,16,False
embB,ethambutol,p.Asp311Gly,G,False,False,False,True,False,False,False,False,75,-58,False
embB,ethambutol,p.Val369Leu,L,True,False,False,False,False,False,False,False,131,14,False
embB,ethambutol,p.Ser380Asn,N,False,False,False,False,True,False,False,False,132,27,False
embB,ethambutol,p.Gly331Arg,R,False,False,True,True,False,False,False,False,174,99,False
embB,ethambutol,p.Tyr333His,H,False,True,False,False,False,True,False,True,155,-26,False
embB,ethambutol,p.Asn399His,H,False,False,False,False,False,True,False,False,155,23,False
embB,ethambutol,p.Gly314Ala,A,True,False,False,False,False,False,False,False,89,14,False
embB,ethambutol,p.Ser297Leu,L,True,False,False,False,False,True,False,False,131,26,False
embB,ethambutol,p.Val377Gly,G,False,True,False,False,False,False,False,False,75,-42,False
embB,ethambutol,p.Pro461Ser,S,False,False,False,False,True,True,False,False,105,-10,False
embB,ethambutol,p.Arg469Pro,P,False,False,False,True,False,False,False,False,115,-59,False
embB,ethambutol,p.Met482Ile,I,True,False,False,False,False,True,False,False,131,-18,False
embB,ethambutol,p.Ile293Asn,N,False,True,False,False,True,True,False,False,132,1,False
embB,ethambutol,p.Asn318Ser,S,False,False,False,False,True,False,False,False,105,-27,True
embB,ethambutol,p.Asn400Lys,K,False,False,True,True,False,True,False,False,146,14,False
embB,ethambutol,p.Val282Gly,G,False,True,False,False,False,False,False,False,75,-42,False
embB,ethambutol,p.Gly745Asp,D,False,False,True,True,False,False,False,False,133,58,False
embB,ethambutol,p.Gly401Ser,S,False,False,False,False,True,True,False,False,105,30,False
embB,ethambutol,p.Arg471Pro,P,False,False,False,True,False,False,False,False,115,-59,False
embB,ethambutol,p.Asp240His,H,False,False,False,True,False,False,False,False,155,22,False
embB,ethambutol,p.Asp311His,H,False,False,False,True,False,False,False,False,155,22,False
embB,ethambutol,p.Val360Met,M,True,False,False,False,True,True,False,False,149,32,False
embB,ethambutol,p.His312Arg,R,False,False,True,True,False,False,False,False,174,19,False
embB,ethambutol,p.Trp395Cys,C,False,True,False,False,True,False,False,True,121,-83,False
embB,ethambutol,p.Gly358Val,V,True,False,False,False,False,False,False,False,117,42,False
embB,ethambutol,p.Val369Ala,A,True,False,False,False,False,False,False,False,89,-28,False
embB,ethambutol,p.Glu368Asp,D,False,False,True,False,False,False,False,False,133,-14,False
embB,ethambutol,p.Gly374Val,V,True,False,False,False,False,False,False,False,117,42,False
embB,ethambutol,p.Asp959Ala,A,True,False,False,True,False,False,False,False,89,-44,False
embB,ethambutol,p.Val227Gly,G,False,True,False,False,False,False,False,False,75,-42,False
embB,ethambutol,p.Ala659Thr,T,False,True,False,False,True,True,False,False,119,30,False
embB,ethambutol,p.Phe320Leu,L,True,False,False,False,False,False,False,True,131,-34,True
embB,ethambutol,p.Tyr384Asn,N,False,True,False,False,True,False,False,True,132,-49,False
embB,ethambutol,p.Ala356Ser,S,False,True,False,False,True,True,False,False,105,16,False
embB,ethambutol,p.Arg274Pro,P,False,False,False,True,False,False,False,False,115,-59,False
embB,ethambutol,p.Asn399Asp,D,False,False,True,True,False,True,False,False,133,1,False
embB,ethambutol,p.Glu378Lys,K,False,False,True,False,False,False,False,False,146,-1,False
embB,ethambutol,p.Glu368Ala,A,True,False,False,True,False,False,False,False,89,-58,False
embB,ethambutol,p.Gly448Val,V,True,False,False,False,False,False,False,False,117,42,False
embB,ethambutol,p.Thr437Ala,A,True,False,False,False,False,True,False,False,89,-30,False
embB,ethambutol,p.Asn318Lys,K,False,False,True,True,False,True,False,False,146,14,True
embB,ethambutol,p.Val435Gly,G,False,True,False,False,False,False,False,False,75,-42,False
embB,ethambutol,p.Arg460Cys,C,False,False,False,True,True,True,False,False,121,-53,False
embB,ethambutol,p.Ser272Cys,C,False,False,False,False,True,False,False,False,121,16,False
embC,ethambutol,p.Met310Lys,K,False,True,True,True,False,True,False,False,146,-3,False
embC,ethambutol,p.Met300Arg,R,False,True,True,True,False,True,False,False,174,25,False
embC,ethambutol,p.Ala244Thr,T,False,True,False,False,True,True,False,False,119,30,False
embC,ethambutol,p.Ile297Thr,T,False,True,False,False,True,True,False,False,119,-12,False
embC,ethambutol,p.Val287Phe,F,True,False,False,False,False,False,True,True,165,48,False
embC,ethambutol,p.Trp326Arg,R,False,True,True,True,False,True,False,True,174,-30,False
embC,ethambutol,p.Gly288Trp,W,True,False,False,False,True,True,True,True,204,129,False
embC,ethambutol,p.Tyr309Asn,N,False,True,False,False,True,False,False,True,132,-49,False
embC,ethambutol,p.Ile297Leu,L,True,False,False,False,False,False,False,False,131,0,False
embC,ethambutol,p.Ala254Gly,G,False,True,False,False,False,False,False,False,75,-14,False
embC,ethambutol,p.Arg302Gly,G,False,False,False,True,False,False,False,False,75,-99,True
embC,ethambutol,p.Ala779Val,V,True,False,False,False,False,False,False,False,117,28,False
embC,ethambutol,p.Ala247Pro,P,False,True,False,False,False,False,False,False,115,26,False
embC,ethambutol,p.Gly308Asp,D,False,False,True,True,False,False,False,False,133,58,False
embC,ethambutol,p.Tyr296His,H,False,True,False,False,False,True,False,True,155,-26,False
embC,ethambutol,p.Gly288Val,V,True,False,False,False,False,False,False,False,117,42,False
embC,ethambutol,p.Tyr327Asn,N,False,True,False,False,True,False,False,True,132,-49,False
embC,ethambutol,p.Gly325Ser,S,False,False,False,False,True,True,False,False,105,30,False
embC,ethambutol,p.Val303Gly,G,False,True,False,False,False,False,False,False,75,-42,False
embC,ethambutol,p.His285Tyr,Y,True,False,False,False,True,True,True,True,181,26,False
embC,ethambutol,p.Tyr296Ser,S,False,True,False,False,True,False,False,True,105,-76,False
embR,ethambutol,p.Ala176Val,V,True,False,False,False,False,False,False,False,117,28,False
embR,ethambutol,p.Ile369Thr,T,False,True,False,False,True,True,False,False,119,-12,False
embR,ethambutol,p.Ser326Asn,N,False,False,False,False,True,False,False,False,132,27,True
embR,ethambutol,p.Arg356Gly,G,False,False,False,True,False,False,False,False,75,-99,False
embR,ethambutol,p.Asp223Glu,E,False,False,True,False,False,False,False,False,147,14,True
embR,ethambutol,p.Glu200Ala,A,True,False,False,True,False,False,False,False,89,-58,True
embR,ethambutol,p.Arg230Trp,W,True,False,False,True,True,True,True,True,204,30,True
embR,ethambutol,p.Val350Gly,G,False,True,False,False,False,False,False,False,75,-42,True
embR,ethambutol,p.Gly240Arg,R,False,False,True,True,False,False,False,False,174,99,True
embR,ethambutol,p.Asp53His,H,False,False,False,True,False,False,False,False,155,22,True
embR,ethambutol,p.Ser188Arg,R,False,False,True,True,False,True,False,False,174,69,False
embR,ethambutol,p.Arg186Gly,G,False,False,False,True,False,False,False,False,75,-99,False
embR,ethambutol,p.Thr32Pro,P,False,False,False,False,False,True,False,False,115,-4,False
embR,ethambutol,p.Leu292Met,M,True,False,False,False,True,True,False,False,149,18,False
embR,ethambutol,p.Ala187Val,V,True,False,False,False,False,False,False,False,117,28,False
embR,ethambutol,p.Leu211Met,M,True,False,False,False,True,True,False,False,149,18,False
embR,ethambutol,p.Leu320Val,V,True,False,False,False,False,False,False,False,117,-14,False
ethA,ethionamide,p.Ala341Val,V,True,False,False,False,False,False,False,False,117,28,False
ethA,ethionamide,p.Arg207Gly,G,False,False,False,True,False,False,False,False,75,-99,False
ethA,ethionamide,p.Asn379Asp,D,False,False,True,True,False,True,False,False,133,1,False
ethA,ethionamide,p.Cys403Tyr,Y,True,False,False,False,True,False,True,True,181,60,False
ethA,ethionamide,p.Leu35Arg,R,False,True,True,True,False,False,False,False,174,43,False
ethA,ethionamide,p.Ser390Phe,F,True,False,False,False,False,True,True,True,165,60,True
ethA,ethionamide,p.Ser57Tyr,Y,True,False,False,False,True,False,True,True,181,76,True
ethA,ethionamide,p.Thr88Ile,I,True,False,False,False,False,True,False,False,131,12,False
ethA,ethionamide,p.Val202Gly,G,False,True,False,False,False,False,False,False,75,-42,False
ethA,ethionamide,p.GluArgProGlySerAspValGluGluArgProPheMetGlu420AlaThrGlyLeuArgCysArgArgAlaAlaLeuHisGlyVal,A,True,False,False,True,False,False,False,False,89,-58,False
ethA,ethionamide,p.Gly11Ala,A,True,False,False,False,False,False,False,False,89,14,False
ethA,ethionamide,p.Arg463Ser,S,False,False,False,True,True,True,False,False,105,-69,False
ethA,ethionamide,p.Met1Arg,R,False,True,True,True,False,True,False,False,174,25,False
ethA,ethionamide,p.GluArgProGlySerAspValGluGluArgProPheMetGlu420SerAspArgAlaGlnMetSerLysSerGlyProSerTrpArg,S,False,False,False,True,True,True,False,False,105,-42,False
ethA,ethionamide,p.GluArgProGlySerAspValGluGluArg420ArgAlaThrGlyLeuArgCysArgArgAla,R,False,False,True,False,False,False,False,False,174,27,False
ethA,ethionamide,p.GluArgPro420LysSerGly,K,False,False,True,False,False,False,False,False,146,-1,False
ethA,ethionamide,p.Thr186Lys,K,False,False,True,True,False,True,False,False,146,27,False
ethA,ethionamide,p.GluArgProGlySerAspValGluGluArgPro420ArgAlaThrGlyLeuArgCysArgArgAlaAla,R,False,False,True,False,False,False,False,False,174,27,False
ethA,ethionamide,p.Glu223Lys,K,False,False,True,False,False,False,False,False,146,-1,False
ethA,ethionamide,p.Met1Thr,T,False,True,False,False,True,False,False,False,119,-30,False
ethA,ethionamide,p.Leu333Arg,R,False,True,True,True,False,False,False,False,174,43,False
ethA,ethionamide,p.Tyr461His,H,False,True,False,False,False,True,False,True,155,-26,False
ethA,ethionamide,p.GluArgProGlySerAspValGluGluArgProPhe420SerSerAspArgAlaGlnMetSerLysSerGlyPro,S,False,False,False,True,True,True,False,False,105,-42,False
ethA,ethionamide,p.GluArgPro420ArgAlaThr,R,False,False,True,False,False,False,False,False,174,27,False
ethA,ethionamide,p.GluArgProGlySerAspValGluGluArgProPhe420ArgAlaThrGlyLeuArgCysArgArgAlaAlaLeu,R,False,False,True,False,False,False,False,False,174,27,False
inhA,ethionamide,p.Ser94Ala,A,True,False,False,False,False,True,False,False,89,-16,False
inhA,isoniazid,p.Ser94Ala,A,True,False,False,False,False,True,False,False,89,-16,False
inhA,isoniazid,p.Ile21Asn,N,False,True,False,False,True,True,False,False,132,1,False
inhA,isoniazid,p.Lys8Asn,N,False,False,False,True,True,True,False,False,132,-14,False
inhA,isoniazid,p.Ser94Leu,L,True,False,False,False,False,True,False,False,131,26,False
inhA,isoniazid,p.Ile47Thr,T,False,True,False,False,True,True,False,False,119,-12,True
inhA,isoniazid,p.Ile95Thr,T,False,True,False,False,True,True,False,False,119,-12,False
inhA,isoniazid,p.Leu11Val,V,True,False,False,False,False,False,False,False,117,-14,False
inhA,isoniazid,p.Ser94Trp,W,True,False,False,False,True,False,True,True,204,99,False
ahpC,isoniazid,p.Asp33Asn,N,False,False,False,True,True,True,False,False,132,-1,True
ahpC,isoniazid,p.Pro2Ser,S,False,False,False,False,True,True,False,False,105,-10,True
ahpC,isoniazid,p.Phe10Ile,I,True,False,False,False,False,False,False,True,131,-34,False
katG,isoniazid,p.Ser315Arg,R,False,False,True,True,False,True,False,False,174,69,False
katG,isoniazid,p.Ser315Asn,N,False,False,False,False,True,False,False,False,132,27,False
katG,isoniazid,p.Ser315Ile,I,True,False,False,False,False,True,False,False,131,26,False
katG,isoniazid,p.Ser315Thr,T,False,False,False,False,True,False,False,False,119,14,False
katG,isoniazid,p.Trp328Leu,L,True,False,False,False,False,True,False,True,131,-73,False
katG,isoniazid,p.His108Asp,D,False,False,True,True,False,False,False,False,133,-22,False
katG,isoniazid,p.Arg418Leu,L,True,False,False,True,False,False,False,False,131,-43,False
katG,isoniazid,p.Leu653Pro,P,False,True,False,False,False,False,False,False,115,-16,False
katG,isoniazid,p.Asn238Lys,K,False,False,True,True,False,True,False,False,146,14,False
katG,isoniazid,p.Asn236Thr,T,False,False,False,False,True,False,False,False,119,-13,True
katG,isoniazid,p.Ala291Pro,P,False,True,False,False,False,False,False,False,115,26,False
katG,isoniazid,p.Ile71Asn,N,False,True,False,False,True,True,False,False,132,1,False
katG,isoniazid,p.Ile462Thr,T,False,True,False,False,True,True,False,False,119,-12,False
katG,isoniazid,p.Ala444Thr,T,False,True,False,False,True,True,False,False,119,30,False
katG,isoniazid,p.Gly305Ala,A,True,False,False,False,False,False,False,False,89,14,False
katG,isoniazid,p.Gly19Asp,D,False,False,True,True,False,False,False,False,133,58,False
katG,isoniazid,p.Trp321Leu,L,True,False,False,False,False,True,False,True,131,-73,False
katG,isoniazid,p.Thr12Pro,P,False,False,False,False,False,True,False,False,115,-4,False
katG,isoniazid,p.Gly307Ala,A,True,False,False,False,False,False,False,False,89,14,False
katG,isoniazid,p.Ala550Asp,D,False,True,True,True,False,False,False,False,133,44,False
katG,isoniazid,p.His108Gln,Q,False,False,False,False,True,True,False,False,146,-9,False
katG,isoniazid,p.Trp328Gly,G,False,True,False,False,False,True,False,True,75,-129,False
katG,isoniazid,p.Ala350Ser,S,False,True,False,False,True,True,False,False,105,16,False
katG,isoniazid,p.Asp72Gly,G,False,False,False,True,False,False,False,False,75,-58,False
katG,isoniazid,p.Leu148Arg,R,False,True,True,True,False,False,False,False,174,43,True
katG,isoniazid,p.Thr180Lys,K,False,False,True,True,False,True,False,False,146,27,False
katG,isoniazid,p.Leu587Met,M,True,False,False,False,True,True,False,False,149,18,False
katG,isoniazid,p.Val710Ala,A,True,False,False,False,False,False,False,False,89,-28,True
katG,isoniazid,p.Ala409Asp,D,False,True,True,True,False,False,False,False,133,44,False
katG,isoniazid,p.Leu336Arg,R,False,True,True,True,False,False,False,False,174,43,False
katG,isoniazid,p.Ala350Thr,T,False,True,False,False,True,True,False,False,119,30,False
katG,isoniazid,p.Trp321Arg,R,False,True,True,True,False,True,False,True,174,-30,False
katG,isoniazid,p.Asp357Asn,N,False,False,False,True,True,True,False,False,132,-1,False
katG,isoniazid,p.Trp321Cys,C,False,True,False,False,True,False,False,True,121,-83,False
katG,isoniazid,p.Val1Leu,L,True,False,False,False,False,False,False,False,131,14,False
katG,isoniazid,p.Leu384Arg,R,False,True,True,True,False,False,False,False,174,43,False
katG,isoniazid,p.Asn218Lys,K,False,False,True,True,False,True,False,False,146,14,True
katG,isoniazid,p.Thr308Pro,P,False,False,False,False,False,True,False,False,115,-4,False
katG,isoniazid,p.Gly309Asp,D,False,False,True,True,False,False,False,False,133,58,False
katG,isoniazid,p.Ala243Ser,S,False,True,False,False,True,True,False,False,105,16,False
katG,isoniazid,p.Asp311Tyr,Y,True,False,False,True,True,True,True,True,181,48,False
katG,isoniazid,p.Ala281Val,V,True,False,False,False,False,False,False,False,117,28,False
katG,isoniazid,p.Ile393Asn,N,False,True,False,False,True,True,False,False,132,1,False
katG,isoniazid,p.Ala61Thr,T,False,True,False,False,True,True,False,False,119,30,False
katG,isoniazid,p.Gly186Val,V,True,False,False,False,False,False,False,False,117,42,True
katG,isoniazid,p.Val1Ala,A,True,False,False,False,False,False,False,False,89,-28,False
katG,isoniazid,p.Gly96Cys,C,False,False,False,False,True,True,False,False,121,46,True
katG,isoniazid,p.Thr251Met,M,True,False,False,False,True,False,False,False,149,30,True
katG,isoniazid,p.Ala66Pro,P,False,True,False,False,False,False,False,False,115,26,False
katG,isoniazid,p.Gln224Glu,E,False,False,True,True,False,True,False,False,147,1,False
katG,isoniazid,p.Ala65Thr,T,False,True,False,False,True,True,False,False,119,30,False
katG,isoniazid,p.Ala727Asp,D,False,True,True,True,False,False,False,False,133,44,False
katG,isoniazid,p.Pro589Thr,T,False,False,False,False,True,True,False,False,119,4,False
katG,isoniazid,p.Asn258Ser,S,False,False,False,False,True,False,False,False,105,-27,False
katG,isoniazid,p.Arg418Gln,Q,False,False,False,True,True,True,False,False,146,-28,False
katG,isoniazid,p.Thr262Arg,R,False,False,True,True,False,True,False,False,174,55,False
katG,isoniazid,p.Ser17Asn,N,False,False,False,False,True,False,False,False,132,27,False
katG,isoniazid,p.Pro365Leu,L,True,False,False,False,False,False,False,False,131,16,True
katG,isoniazid,p.Leu449Phe,F,True,False,False,False,False,False,True,True,165,34,False
katG,isoniazid,p.Gly485Val,V,True,False,False,False,False,False,False,False,117,42,False
katG,isoniazid,p.Tyr229Phe,F,True,False,False,False,False,True,True,False,165,-16,False
katG,isoniazid,p.Asn529Asp,D,False,False,True,True,False,True,False,False,133,1,False
katG,isoniazid,p.Arg515Cys,C,False,False,False,True,True,True,False,False,121,-53,False
katG,isoniazid,p.Gln88Arg,R,False,False,True,True,False,True,False,False,174,28,True
katG,isoniazid,p.Glu261Lys,K,False,False,True,False,False,False,False,False,146,-1,False
katG,isoniazid,p.Asp74Tyr,Y,True,False,False,True,True,True,True,True,181,48,False
katG,isoniazid,p.Gly428Arg,R,False,False,True,True,False,False,False,False,174,99,True
katG,isoniazid,p.Asn138Thr,T,False,False,False,False,True,False,False,False,119,-13,True
katG,isoniazid,p.Asp63Glu,E,False,False,True,False,False,False,False,False,147,14,False
katG,isoniazid,p.Glu289Asp,D,False,False,True,False,False,False,False,False,133,-14,False
katG,isoniazid,p.Gln502His,H,False,False,False,False,False,True,False,False,155,9,False
katG,isoniazid,p.Asp695Ala,A,True,False,False,True,False,False,False,False,89,-44,False
katG,isoniazid,p.Trp107Arg,R,False,True,True,True,False,True,False,True,174,-30,False
katG,isoniazid,p.Leu619Pro,P,False,True,False,False,False,False,False,False,115,-16,True
katG,isoniazid,p.Leu634Phe,F,True,False,False,False,False,False,True,True,165,34,False
katG,isoniazid,p.Ala636Glu,E,False,True,True,True,False,False,False,False,147,58,True
katG,isoniazid,p.Ile317Leu,L,True,False,False,False,False,False,False,False,131,0,False
katG,isoniazid,p.Ala361Asp,D,False,True,True,True,False,False,False,False,133,44,False
katG,isoniazid,p.Ala424Glu,E,False,True,True,True,False,False,False,False,147,58,True
katG,isoniazid,p.Gly309Ser,S,False,False,False,False,True,True,False,False,105,30,False
katG,isoniazid,p.Gly316Asp,D,False,False,True,True,False,False,False,False,133,58,False
katG,isoniazid,p.Gly629Ser,S,False,False,False,False,True,True,False,False,105,30,True
katG,isoniazid,p.Ala716Pro,P,False,True,False,False,False,False,False,False,115,26,False
katG,isoniazid,p.Ala464Ser,S,False,True,False,False,True,True,False,False,105,16,False
katG,isoniazid,p.Ala574Glu,E,False,True,True,True,False,False,False,False,147,58,True
katG,isoniazid,p.Ser160Leu,L,True,False,False,False,False,True,False,False,131,26,False
katG,isoniazid,p.Met420Thr,T,False,True,False,False,True,False,False,False,119,-30,False
katG,isoniazid,p.Gly685Arg,R,False,False,True,True,False,False,False,False,174,99,False
katG,isoniazid,p.Gln717Pro,P,False,False,False,False,False,True,False,False,115,-31,False
katG,isoniazid,p.Asp117Ala,A,True,False,False,True,False,False,False,False,89,-44,True
katG,isoniazid,p.Gly309Cys,C,False,False,False,False,True,True,False,False,121,46,False
katG,isoniazid,p.Ile335Thr,T,False,True,False,False,True,True,False,False,119,-12,False
katG,isoniazid,p.Lys345Thr,T,False,False,False,True,True,True,False,False,119,-27,False
katG,isoniazid,p.Asp311Glu,E,False,False,True,False,False,False,False,False,147,14,False
katG,isoniazid,p.Lys414Asn,N,False,False,False,True,True,True,False,False,132,-14,False
katG,isoniazid,p.Arg128Pro,P,False,False,False,True,False,False,False,False,115,-59,True
katG,isoniazid,p.Ser331Cys,C,False,False,False,False,True,False,False,False,121,16,False
katG,isoniazid,p.Arg484Ser,S,False,False,False,True,True,True,False,False,105,-69,True
katG,isoniazid,p.Gly316Ser,S,False,False,False,False,True,True,False,False,105,30,False
katG,isoniazid,p.Thr275Ser,S,False,False,False,False,True,False,False,False,105,-14,False
katG,isoniazid,p.Trp341Ser,S,False,True,False,False,True,False,False,True,105,-99,False
katG,isoniazid,p.Pro429Ser,S,False,False,False,False,True,True,False,False,105,-10,True
katG,isoniazid,p.Gly121Cys,C,False,False,False,False,True,True,False,False,121,46,True
katG,isoniazid,p.Asn35Asp,D,False,False,True,True,False,True,False,False,133,1,True
katG,isoniazid,p.Tyr337Phe,F,True,False,False,False,False,True,True,False,165,-16,False
katG,isoniazid,p.Gly491Cys,C,False,False,False,False,True,True,False,False,121,46,False
katG,isoniazid,p.Tyr304Ser,S,False,True,False,False,True,False,False,True,105,-76,False
gyrA,levofloxacin,p.Ala90Val,V,True,False,False,False,False,False,False,False,117,28,True
gyrA,levofloxacin,p.Asp89Asn,N,False,False,False,True,True,True,False,False,132,-1,True
gyrA,levofloxacin,p.Asp94Ala,A,True,False,False,True,False,False,False,False,89,-44,True
gyrA,levofloxacin,p.Asp94Asn,N,False,False,False,True,True,True,False,False,132,-1,True
gyrA,levofloxacin,p.Asp94Gly,G,False,False,False,True,False,False,False,False,75,-58,True
gyrA,levofloxacin,p.Asp94His,H,False,False,False,True,False,False,False,False,155,22,True
gyrA,levofloxacin,p.Asp94Tyr,Y,True,False,False,True,True,True,True,True,181,48,True
gyrA,levofloxacin,p.Gly88Ala,A,True,False,False,False,False,False,False,False,89,14,False
gyrA,levofloxacin,p.Gly88Cys,C,False,False,False,False,True,True,False,False,121,46,False
gyrA,levofloxacin,p.Ser91Pro,P,False,False,False,False,False,True,False,False,115,10,False
gyrA,levofloxacin,p.Ser69Thr,T,False,False,False,False,True,False,False,False,119,14,True
gyrA,levofloxacin,p.Ser91Ala,A,True,False,False,False,False,True,False,False,89,-16,False
gyrA,levofloxacin,p.Ile92Met,M,True,False,False,False,True,True,False,False,149,18,True
gyrA,levofloxacin,p.Pro102His,H,False,False,False,False,False,False,False,False,155,40,True
gyrA,levofloxacin,p.Leu109Val,V,True,False,False,False,False,False,False,False,117,-14,False
gyrA,moxifloxacin,p.Ala90Val,V,True,False,False,False,False,False,False,False,117,28,True
gyrA,moxifloxacin,p.Asp89Asn,N,False,False,False,True,True,True,False,False,132,-1,True
gyrA,moxifloxacin,p.Asp94Ala,A,True,False,False,True,False,False,False,False,89,-44,True
gyrA,moxifloxacin,p.Asp94Asn,N,False,False,False,True,True,True,False,False,132,-1,True
gyrA,moxifloxacin,p.Asp94Gly,G,False,False,False,True,False,False,False,False,75,-58,True
gyrA,moxifloxacin,p.Asp94His,H,False,False,False,True,False,False,False,False,155,22,True
gyrA,moxifloxacin,p.Asp94Tyr,Y,True,False,False,True,True,True,True,True,181,48,True
gyrA,moxifloxacin,p.Gly88Ala,A,True,False,False,False,False,False,False,False,89,14,False
gyrA,moxifloxacin,p.Gly88Cys,C,False,False,False,False,True,True,False,False,121,46,False
gyrA,moxifloxacin,p.Ser91Pro,P,False,False,False,False,False,True,False,False,115,10,False
gyrA,moxifloxacin,p.Ser69Thr,T,False,False,False,False,True,False,False,False,119,14,True
gyrA,moxifloxacin,p.Ser91Ala,A,True,False,False,False,False,True,False,False,89,-16,False
gyrA,moxifloxacin,p.Ile92Met,M,True,False,False,False,True,True,False,False,149,18,True
gyrA,moxifloxacin,p.Pro102His,H,False,False,False,False,False,False,False,False,155,40,True
gyrA,moxifloxacin,p.Leu109Val,V,True,False,False,False,False,False,False,False,117,-14,False
gyrB,levofloxacin,p.Ala504Val,V,True,False,False,False,False,False,False,False,117,28,True
gyrB,levofloxacin,p.Asn499Asp,D,False,False,True,True,False,True,False,False,133,1,True
gyrB,levofloxacin,p.Asn499Thr,T,False,False,False,False,True,False,False,False,119,-13,True
gyrB,levofloxacin,p.Asp461Asn,N,False,False,False,True,True,True,False,False,132,-1,False
gyrB,levofloxacin,p.Asp461His,H,False,False,False,True,False,False,False,False,155,22,False
gyrB,levofloxacin,p.Glu501Asp,D,False,False,True,False,False,False,False,False,133,-14,False
gyrB,levofloxacin,p.Glu501Val,V,True,False,False,True,False,False,False,False,117,-30,False
gyrB,levofloxacin,p.Ser447Phe,F,True,False,False,False,False,True,True,True,165,60,False
gyrB,levofloxacin,p.Gln538His,H,False,False,False,False,False,True,False,False,155,9,False
gyrB,levofloxacin,p.Thr507Met,M,True,False,False,False,True,False,False,False,149,30,False
gyrB,levofloxacin,p.Gly470Ala,A,True,False,False,False,False,False,False,False,89,14,False
gyrB,moxifloxacin,p.Ala504Val,V,True,False,False,False,False,False,False,False,117,28,True
gyrB,moxifloxacin,p.Asn499Asp,D,False,False,True,True,False,True,False,False,133,1,True
gyrB,moxifloxacin,p.Asn499Thr,T,False,False,False,False,True,False,False,False,119,-13,True
gyrB,moxifloxacin,p.Asp461Asn,N,False,False,False,True,True,True,False,False,132,-1,False
gyrB,moxifloxacin,p.Asp461His,H,False,False,False,True,False,False,False,False,155,22,False
gyrB,moxifloxacin,p.Glu501Asp,D,False,False,True,False,False,False,False,False,133,-14,False
gyrB,moxifloxacin,p.Glu501Val,V,True,False,False,True,False,False,False,False,117,-30,False
gyrB,moxifloxacin,p.Ser447Phe,F,True,False,False,False,False,True,True,True,165,60,False
gyrB,moxifloxacin,p.Glu540Asp,D,False,False,True,False,False,False,False,False,133,-14,False
gyrB,moxifloxacin,p.Gln538His,H,False,False,False,False,False,True,False,False,155,9,False
gyrB,moxifloxacin,p.Thr507Met,M,True,False,False,False,True,False,False,False,149,30,False
gyrB,moxifloxacin,p.Gly470Ala,A,True,False,False,False,False,False,False,False,89,14,False
gyrB,moxifloxacin,p.Asn499Tyr,Y,True,False,False,False,True,False,True,True,181,49,True
rplC,linezolid,p.Cys154Arg,R,False,False,True,True,False,True,False,False,174,53,True
panD,pyrazinamide,p.Met117Ile,I,True,False,False,False,False,True,False,False,131,-18,True
panD,pyrazinamide,p.Val138Gly,G,False,True,False,False,False,False,False,False,75,-42,False
panD,pyrazinamide,p.Ala128Ser,S,False,True,False,False,True,True,False,False,105,16,True
panD,pyrazinamide,p.Glu130Gly,G,False,False,False,True,False,False,False,False,75,-72,True
panD,pyrazinamide,p.Val138Glu,E,False,True,True,True,False,False,False,False,147,30,False
panD,pyrazinamide,p.His21Arg,R,False,False,True,True,False,False,False,False,174,19,True
panD,pyrazinamide,p.Leu136Arg,R,False,True,True,True,False,False,False,False,174,43,True
panD,pyrazinamide,p.Val138Ala,A,True,False,False,False,False,False,False,False,89,-28,False
pncA,pyrazinamide,p.Ala102Pro,P,False,True,False,False,False,False,False,False,115,26,True
pncA,pyrazinamide,p.Ala102Thr,T,False,True,False,False,True,True,False,False,119,30,True
pncA,pyrazinamide,p.Ala134Val,V,True,False,False,False,False,False,False,False,117,28,True
pncA,pyrazinamide,p.Ala143Gly,G,False,True,False,False,False,False,False,False,75,-14,True
pncA,pyrazinamide,p.Ala146Glu,E,False,True,True,True,False,False,False,False,147,58,True
pncA,pyrazinamide,p.Ala146Thr,T,False,True,False,False,True,True,False,False,119,30,True
pncA,pyrazinamide,p.Ala146Val,V,True,False,False,False,False,False,False,False,117,28,True
pncA,pyrazinamide,p.Ala171Glu,E,False,True,True,True,False,False,False,False,147,58,False
pncA,pyrazinamide,p.Ala171Pro,P,False,True,False,False,False,False,False,False,115,26,False
pncA,pyrazinamide,p.Ala3Glu,E,False,True,True,True,False,False,False,False,147,58,False
pncA,pyrazinamide,p.Ala46Glu,E,False,True,True,True,False,False,False,False,147,58,False
pncA,pyrazinamide,p.Ala46Val,V,True,False,False,False,False,False,False,False,117,28,False
pncA,pyrazinamide,p.Arg121Pro,P,False,False,False,True,False,False,False,False,115,-59,True
pncA,pyrazinamide,p.Arg140Pro,P,False,False,False,True,False,False,False,False,115,-59,True
pncA,pyrazinamide,p.Arg154Gly,G,False,False,False,True,False,False,False,False,75,-99,False
pncA,pyrazinamide,p.Arg154Met,M,True,False,False,True,True,True,False,False,149,-25,False
pncA,pyrazinamide,p.Asp129Asn,N,False,False,False,True,True,True,False,False,132,-1,False
pncA,pyrazinamide,p.Asp12Ala,A,True,False,False,True,False,False,False,False,89,-44,True
pncA,pyrazinamide,p.Asp12Asn,N,False,False,False,True,True,True,False,False,132,-1,True
pncA,pyrazinamide,p.Asp12Glu,E,False,False,True,False,False,False,False,False,147,14,True
pncA,pyrazinamide,p.Asp12Gly,G,False,False,False,True,False,False,False,False,75,-58,True
pncA,pyrazinamide,p.Asp136Gly,G,False,False,False,True,False,False,False,False,75,-58,True
pncA,pyrazinamide,p.Asp136Val,V,True,False,False,True,False,False,False,False,117,-16,True
pncA,pyrazinamide,p.Asp49Ala,A,True,False,False,True,False,False,False,False,89,-44,False
pncA,pyrazinamide,p.Asp49Asn,N,False,False,False,True,True,True,False,False,132,-1,False
pncA,pyrazinamide,p.Asp49Glu,E,False,False,True,False,False,False,False,False,147,14,False
pncA,pyrazinamide,p.Asp49Gly,G,False,False,False,True,False,False,False,False,75,-58,False
pncA,pyrazinamide,p.Asp63Ala,A,True,False,False,True,False,False,False,False,89,-44,True
pncA,pyrazinamide,p.Asp63Gly,G,False,False,False,True,False,False,False,False,75,-58,True
pncA,pyrazinamide,p.Asp8Ala,A,True,False,False,True,False,False,False,False,89,-44,False
pncA,pyrazinamide,p.Asp8Asn,N,False,False,False,True,True,True,False,False,132,-1,False
pncA,pyrazinamide,p.Asp8Glu,E,False,False,True,False,False,False,False,False,147,14,False
pncA,pyrazinamide,p.Asp8Gly,G,False,False,False,True,False,False,False,False,75,-58,False
pncA,pyrazinamide,p.Asp8His,H,False,False,False,True,False,False,False,False,155,22,False
pncA,pyrazinamide,p.Asp8Tyr,Y,True,False,False,True,True,True,True,True,181,48,False
pncA,pyrazinamide,p.Cys138Arg,R,False,False,True,True,False,True,False,False,174,53,True
pncA,pyrazinamide,p.Cys14Arg,R,False,False,True,True,False,True,False,False,174,53,False
pncA,pyrazinamide,p.Cys14Trp,W,True,False,False,False,True,False,True,True,204,83,False
pncA,pyrazinamide,p.Cys72Arg,R,False,False,True,True,False,True,False,False,174,53,True
pncA,pyrazinamide,p.Cys72Tyr,Y,True,False,False,False,True,False,True,True,181,60,True
pncA,pyrazinamide,p.Gln10Arg,R,False,False,True,True,False,True,False,False,174,28,False
pncA,pyrazinamide,p.Gln10His,H,False,False,False,False,False,True,False,False,155,9,False
pncA,pyrazinamide,p.Gln10Pro,P,False,False,False,False,False,True,False,False,115,-31,False
pncA,pyrazinamide,p.Gln141Pro,P,False,False,False,False,False,True,False,False,115,-31,True
pncA,pyrazinamide,p.Gly105Asp,D,False,False,True,True,False,False,False,False,133,58,True
pncA,pyrazinamide,p.Gly105Val,V,True,False,False,False,False,False,False,False,117,42,True
pncA,pyrazinamide,p.Gly108Arg,R,False,False,True,True,False,False,False,False,174,99,True
pncA,pyrazinamide,p.Gly108Glu,E,False,False,True,True,False,False,False,False,147,72,True
pncA,pyrazinamide,p.Gly132Ala,A,True,False,False,False,False,False,False,False,89,14,False
pncA,pyrazinamide,p.Gly132Asp,D,False,False,True,True,False,False,False,False,133,58,False
pncA,pyrazinamide,p.Gly132Cys,C,False,False,False,False,True,True,False,False,121,46,False
pncA,pyrazinamide,p.Gly132Ser,S,False,False,False,False,True,True,False,False,105,30,False
pncA,pyrazinamide,p.Gly162Asp,D,False,False,True,True,False,False,False,False,133,58,True
pncA,pyrazinamide,p.Gly17Asp,D,False,False,True,True,False,False,False,False,133,58,True
pncA,pyrazinamide,p.Gly24Asp,D,False,False,True,True,False,False,False,False,133,58,False
pncA,pyrazinamide,p.Gly78Asp,D,False,False,True,True,False,False,False,False,133,58,True
pncA,pyrazinamide,p.Gly78Ser,S,False,False,False,False,True,True,False,False,105,30,True
pncA,pyrazinamide,p.Gly78Val,V,True,False,False,False,False,False,False,False,117,42,True
pncA,pyrazinamide,p.Gly97Arg,R,False,False,True,True,False,False,False,False,174,99,True
pncA,pyrazinamide,p.Gly97Asp,D,False,False,True,True,False,False,False,False,133,58,True
pncA,pyrazinamide,p.Gly97Cys,C,False,False,False,False,True,True,False,False,121,46,True
pncA,pyrazinamide,p.Gly97Ser,S,False,False,False,False,True,True,False,False,105,30,True
pncA,pyrazinamide,p.Gly97Val,V,True,False,False,False,False,False,False,False,117,42,True
pncA,pyrazinamide,p.His137Pro,P,False,False,False,False,False,False,False,False,115,-40,True
pncA,pyrazinamide,p.His43Pro,P,False,False,False,False,False,False,False,False,115,-40,False
pncA,pyrazinamide,p.His51Arg,R,False,False,True,True,False,False,False,False,174,19,True
pncA,pyrazinamide,p.His51Asp,D,False,False,True,True,False,False,False,False,133,-22,True
pncA,pyrazinamide,p.His51Gln,Q,False,False,False,False,True,True,False,False,146,-9,True
pncA,pyrazinamide,p.His51Pro,P,False,False,False,False,False,False,False,False,115,-40,True
pncA,pyrazinamide,p.His51Tyr,Y,True,False,False,False,True,True,True,True,181,26,True
pncA,pyrazinamide,p.His57Arg,R,False,False,True,True,False,False,False,False,174,19,True
pncA,pyrazinamide,p.His57Asp,D,False,False,True,True,False,False,False,False,133,-22,True
pncA,pyrazinamide,p.His57Gln,Q,False,False,False,False,True,True,False,False,146,-9,True
pncA,pyrazinamide,p.His57Leu,L,True,False,False,False,False,False,False,False,131,-24,True
pncA,pyrazinamide,p.His57Tyr,Y,True,False,False,False,True,True,True,True,181,26,True
pncA,pyrazinamide,p.His71Arg,R,False,False,True,True,False,False,False,False,174,19,True
pncA,pyrazinamide,p.His71Pro,P,False,False,False,False,False,False,False,False,115,-40,True
pncA,pyrazinamide,p.His71Tyr,Y,True,False,False,False,True,True,True,True,181,26,True
pncA,pyrazinamide,p.His82Arg,R,False,False,True,True,False,False,False,False,174,19,True
pncA,pyrazinamide,p.Ile133Thr,T,False,True,False,False,True,True,False,False,119,-12,False
pncA,pyrazinamide,p.Ile31Ser,S,False,True,False,False,True,True,False,False,105,-26,False
pncA,pyrazinamide,p.Ile31Thr,T,False,True,False,False,True,True,False,False,119,-12,False
pncA,pyrazinamide,p.Ile5Ser,S,False,True,False,False,True,True,False,False,105,-26,False
pncA,pyrazinamide,p.Ile6Thr,T,False,True,False,False,True,True,False,False,119,-12,False
pncA,pyrazinamide,p.Ile90Asn,N,False,True,False,False,True,True,False,False,132,1,True
pncA,pyrazinamide,p.Ile90Ser,S,False,True,False,False,True,True,False,False,105,-26,True
pncA,pyrazinamide,p.Ile90Thr,T,False,True,False,False,True,True,False,False,119,-12,True
pncA,pyrazinamide,p.Leu116Arg,R,False,True,True,True,False,False,False,False,174,43,False
pncA,pyrazinamide,p.Leu116Pro,P,False,True,False,False,False,False,False,False,115,-16,False
pncA,pyrazinamide,p.Leu120Arg,R,False,True,True,True,False,False,False,False,174,43,True
pncA,pyrazinamide,p.Leu120Gln,Q,False,True,False,False,True,True,False,False,146,15,True
pncA,pyrazinamide,p.Leu120Pro,P,False,True,False,False,False,False,False,False,115,-16,True
pncA,pyrazinamide,p.Leu151Ser,S,False,True,False,False,True,True,False,False,105,-26,False
pncA,pyrazinamide,p.Leu159Arg,R,False,True,True,True,False,False,False,False,174,43,False
pncA,pyrazinamide,p.Leu159Pro,P,False,True,False,False,False,False,False,False,115,-16,False
pncA,pyrazinamide,p.Leu159Val,V,True,False,False,False,False,False,False,False,117,-14,False
pncA,pyrazinamide,p.Leu172Pro,P,False,True,False,False,False,False,False,False,115,-16,False
pncA,pyrazinamide,p.Leu182Ser,S,False,True,False,False,True,True,False,False,105,-26,False
pncA,pyrazinamide,p.Leu182Trp,W,True,False,False,False,True,True,True,True,204,73,False
pncA,pyrazinamide,p.Leu19Pro,P,False,True,False,False,False,False,False,False,115,-16,True
pncA,pyrazinamide,p.Leu27Pro,P,False,True,False,False,False,False,False,False,115,-16,False
pncA,pyrazinamide,p.Leu35Pro,P,False,True,False,False,False,False,False,False,115,-16,False
pncA,pyrazinamide,p.Leu4Ser,S,False,True,False,False,True,True,False,False,105,-26,False
pncA,pyrazinamide,p.Leu4Trp,W,True,False,False,False,True,True,True,True,204,73,False
pncA,pyrazinamide,p.Leu85Arg,R,False,True,True,True,False,False,False,False,174,43,False
pncA,pyrazinamide,p.Leu85Pro,P,False,True,False,False,False,False,False,False,115,-16,False
pncA,pyrazinamide,p.Lys48Glu,E,False,False,True,False,False,False,False,False,147,1,True
pncA,pyrazinamide,p.Lys48Thr,T,False,False,False,True,True,True,False,False,119,-27,True
pncA,pyrazinamide,p.Lys96Arg,R,False,False,True,False,False,False,False,False,174,28,True
pncA,pyrazinamide,p.Lys96Asn,N,False,False,False,True,True,True,False,False,132,-14,True
pncA,pyrazinamide,p.Lys96Gln,Q,False,False,False,True,True,True,False,False,146,0,True
pncA,pyrazinamide,p.Lys96Glu,E,False,False,True,False,False,False,False,False,147,1,True
pncA,pyrazinamide,p.Lys96Thr,T,False,False,False,True,True,True,False,False,119,-27,True
pncA,pyrazinamide,p.Met175Arg,R,False,True,True,True,False,True,False,False,174,25,True
pncA,pyrazinamide,p.Met175Ile,I,True,False,False,False,False,True,False,False,131,-18,True
pncA,pyrazinamide,p.Met175Thr,T,False,True,False,False,True,False,False,False,119,-30,True
pncA,pyrazinamide,p.Met175Val,V,True,False,False,False,False,True,False,False,117,-32,True
pncA,pyrazinamide,p.Phe106Leu,L,True,False,False,False,False,False,False,True,131,-34,True
pncA,pyrazinamide,p.Phe106Ser,S,False,True,False,False,True,True,False,True,105,-60,True
pncA,pyrazinamide,p.Phe13Ile,I,True,False,False,False,False,False,False,True,131,-34,False
pncA,pyrazinamide,p.Phe13Leu,L,True,False,False,False,False,False,False,True,131,-34,False
pncA,pyrazinamide,p.Phe13Ser,S,False,True,False,False,True,True,False,True,105,-60,False
pncA,pyrazinamide,p.Phe58Cys,C,False,True,False,False,True,True,False,True,121,-44,True
pncA,pyrazinamide,p.Phe58Leu,L,True,False,False,False,False,False,False,True,131,-34,True
pncA,pyrazinamide,p.Phe58Ser,S,False,True,False,False,True,True,False,True,105,-60,True
pncA,pyrazinamide,p.Phe94Cys,C,False,True,False,False,True,True,False,True,121,-44,True
pncA,pyrazinamide,p.Phe94Leu,L,True,False,False,False,False,False,False,True,131,-34,True
pncA,pyrazinamide,p.Phe94Ser,S,False,True,False,False,True,True,False,True,105,-60,True
pncA,pyrazinamide,p.Pro54Arg,R,False,False,True,True,False,False,False,False,174,59,True
pncA,pyrazinamide,p.Pro54Gln,Q,False,False,False,False,True,True,False,False,146,31,True
pncA,pyrazinamide,p.Pro54Leu,L,True,False,False,False,False,False,False,False,131,16,True
pncA,pyrazinamide,p.Pro54Ser,S,False,False,False,False,True,True,False,False,105,-10,True
pncA,pyrazinamide,p.Pro54Thr,T,False,False,False,False,True,True,False,False,119,4,True
pncA,pyrazinamide,p.Pro62Arg,R,False,False,True,True,False,False,False,False,174,59,True
pncA,pyrazinamide,p.Pro62Leu,L,True,False,False,False,False,False,False,False,131,16,True
pncA,pyrazinamide,p.Pro62Ser,S,False,False,False,False,True,True,False,False,105,-10,True
pncA,pyrazinamide,p.Pro62Thr,T,False,False,False,False,True,True,False,False,119,4,True
pncA,pyrazinamide,p.Pro69Leu,L,True,False,False,False,False,False,False,False,131,16,True
pncA,pyrazinamide,p.Ser104Arg,R,False,False,True,True,False,True,False,False,174,69,True
pncA,pyrazinamide,p.Ser104Gly,G,False,False,False,False,False,True,False,False,75,-30,True
pncA,pyrazinamide,p.Ser104Ile,I,True,False,False,False,False,True,False,False,131,26,True
pncA,pyrazinamide,p.Ser164Pro,P,False,False,False,False,False,True,False,False,115,10,True
pncA,pyrazinamide,p.Ser59Pro,P,False,False,False,False,False,True,False,False,115,10,True
pncA,pyrazinamide,p.Ser66Pro,P,False,False,False,False,False,True,False,False,115,10,True
pncA,pyrazinamide,p.Ser67Pro,P,False,False,False,False,False,True,False,False,115,10,True
pncA,pyrazinamide,p.Ter187Argext*?,R,False,False,True,True,False,False,False,False,174,174,False
pncA,pyrazinamide,p.Ter187Trpext*?,W,True,False,False,False,True,True,True,True,204,204,False
pncA,pyrazinamide,p.Thr100Pro,P,False,False,False,False,False,True,False,False,115,-4,True
pncA,pyrazinamide,p.Thr114Pro,P,False,False,False,False,False,True,False,False,115,-4,True
pncA,pyrazinamide,p.Thr135Asn,N,False,False,False,False,True,False,False,False,132,13,True
pncA,pyrazinamide,p.Thr135Pro,P,False,False,False,False,False,True,False,False,115,-4,True
pncA,pyrazinamide,p.Thr142Ala,A,True,False,False,False,False,True,False,False,89,-30,True
pncA,pyrazinamide,p.Thr142Lys,K,False,False,True,True,False,True,False,False,146,27,True
pncA,pyrazinamide,p.Thr142Met,M,True,False,False,False,True,False,False,False,149,30,True
pncA,pyrazinamide,p.Thr142Pro,P,False,False,False,False,False,True,False,False,115,-4,True
pncA,pyrazinamide,p.Thr160Lys,K,False,False,True,True,False,True,False,False,146,27,False
pncA,pyrazinamide,p.Thr160Pro,P,False,False,False,False,False,True,False,False,115,-4,False
pncA,pyrazinamide,p.Thr168Pro,P,False,False,False,False,False,True,False,False,115,-4,False
pncA,pyrazinamide,p.Thr177Pro,P,False,False,False,False,False,True,False,False,115,-4,False
pncA,pyrazinamide,p.Thr47Ala,A,True,False,False,False,False,True,False,False,89,-30,True
pncA,pyrazinamide,p.Thr47Pro,P,False,False,False,False,False,True,False,False,115,-4,True
pncA,pyrazinamide,p.Thr61Pro,P,False,False,False,False,False,True,False,False,115,-4,True
pncA,pyrazinamide,p.Thr76Ile,I,True,False,False,False,False,True,False,False,131,12,True
pncA,pyrazinamide,p.Thr76Pro,P,False,False,False,False,False,True,False,False,115,-4,True
pncA,pyrazinamide,p.Trp119Arg,R,False,True,True,True,False,True,False,True,174,-30,True
pncA,pyrazinamide,p.Trp119Cys,C,False,True,False,False,True,False,False,True,121,-83,True
pncA,pyrazinamide,p.Trp119Gly,G,False,True,False,False,False,True,False,True,75,-129,True
pncA,pyrazinamide,p.Trp119Leu,L,True,False,False,False,False,True,False,True,131,-73,True
pncA,pyrazinamide,p.Trp68Arg,R,False,True,True,True,False,True,False,True,174,-30,True
pncA,pyrazinamide,p.Trp68Cys,C,False,True,False,False,True,False,False,True,121,-83,True
pncA,pyrazinamide,p.Trp68Gly,G,False,True,False,False,False,True,False,True,75,-129,True
pncA,pyrazinamide,p.Trp68Leu,L,True,False,False,False,False,True,False,True,131,-73,True
pncA,pyrazinamide,p.Tyr103Asp,D,False,True,True,True,False,True,False,True,133,-48,True
pncA,pyrazinamide,p.Tyr103Cys,C,False,True,False,False,True,False,False,True,121,-60,True
pncA,pyrazinamide,p.Tyr103His,H,False,True,False,False,False,True,False,True,155,-26,True
pncA,pyrazinamide,p.Tyr34Asp,D,False,True,True,True,False,True,False,True,133,-48,False
pncA,pyrazinamide,p.Tyr34Ser,S,False,True,False,False,True,False,False,True,105,-76,False
pncA,pyrazinamide,p.Tyr64Asp,D,False,True,True,True,False,True,False,True,133,-48,True
pncA,pyrazinamide,p.Tyr95Asp,D,False,True,True,True,False,True,False,True,133,-48,True
pncA,pyrazinamide,p.Val125Gly,G,False,True,False,False,False,False,False,False,75,-42,False
pncA,pyrazinamide,p.Val125Phe,F,True,False,False,False,False,False,True,True,165,48,False
pncA,pyrazinamide,p.Val128Gly,G,False,True,False,False,False,False,False,False,75,-42,False
pncA,pyrazinamide,p.Val130Gly,G,False,True,False,False,False,False,False,False,75,-42,False
pncA,pyrazinamide,p.Val130Met,M,True,False,False,False,True,True,False,False,149,32,False
pncA,pyrazinamide,p.Val131Gly,G,False,True,False,False,False,False,False,False,75,-42,False
pncA,pyrazinamide,p.Val131Phe,F,True,False,False,False,False,False,True,True,165,48,False
pncA,pyrazinamide,p.Val139Ala,A,True,False,False,False,False,False,False,False,89,-28,True
pncA,pyrazinamide,p.Val139Gly,G,False,True,False,False,False,False,False,False,75,-42,True
pncA,pyrazinamide,p.Val139Leu,L,True,False,False,False,False,False,False,False,131,14,True
pncA,pyrazinamide,p.Val139Met,M,True,False,False,False,True,True,False,False,149,32,True
pncA,pyrazinamide,p.Val155Ala,A,True,False,False,False,False,False,False,False,89,-28,False
pncA,pyrazinamide,p.Val155Gly,G,False,True,False,False,False,False,False,False,75,-42,False
pncA,pyrazinamide,p.Val155Met,M,True,False,False,False,True,True,False,False,149,32,False
pncA,pyrazinamide,p.Val163Ala,A,True,False,False,False,False,False,False,False,89,-28,False
pncA,pyrazinamide,p.Val180Ala,A,True,False,False,False,False,False,False,False,89,-28,False
pncA,pyrazinamide,p.Val180Gly,G,False,True,False,False,False,False,False,False,75,-42,False
pncA,pyrazinamide,p.Val180Phe,F,True,False,False,False,False,False,True,True,165,48,False
pncA,pyrazinamide,p.Val21Gly,G,False,True,False,False,False,False,False,False,75,-42,True
pncA,pyrazinamide,p.Val44Gly,G,False,True,False,False,False,False,False,False,75,-42,True
pncA,pyrazinamide,p.Val7Ala,A,True,False,False,False,False,False,False,False,89,-28,False
pncA,pyrazinamide,p.Val7Gly,G,False,True,False,False,False,False,False,False,75,-42,False
pncA,pyrazinamide,p.Val7Leu,L,True,False,False,False,False,False,False,False,131,14,False
pncA,pyrazinamide,p.Val7Phe,F,True,False,False,False,False,False,True,True,165,48,False
pncA,pyrazinamide,p.Val93Ala,A,True,False,False,False,False,False,False,False,89,-28,True
pncA,pyrazinamide,p.Val93Leu,L,True,False,False,False,False,False,False,False,131,14,True
pncA,pyrazinamide,p.Val9Gly,G,False,True,False,False,False,False,False,False,75,-42,False
pncA,pyrazinamide,p.His82Tyr,Y,True,False,False,False,True,True,True,True,181,26,True
pncA,pyrazinamide,p.Thr142Arg,R,False,False,True,True,False,True,False,False,174,55,True
pncA,pyrazinamide,p.Ala46Pro,P,False,True,False,False,False,False,False,False,115,26,False
pncA,pyrazinamide,p.Trp119Ser,S,False,True,False,False,True,False,False,True,105,-99,True
pncA,pyrazinamide,p.Asp49Val,V,True,False,False,True,False,False,False,False,117,-16,False
pncA,pyrazinamide,p.His82Leu,L,True,False,False,False,False,False,False,False,131,-24,True
pncA,pyrazinamide,p.Val130Ala,A,True,False,False,False,False,False,False,False,89,-28,False
pncA,pyrazinamide,p.Ser179Arg,R,False,False,True,True,False,True,False,False,174,69,False
pncA,pyrazinamide,p.Asp63His,H,False,False,False,True,False,False,False,False,155,22,True
pncA,pyrazinamide,p.Thr168Asn,N,False,False,False,False,True,False,False,False,132,13,False
pncA,pyrazinamide,p.Gly23Val,V,True,False,False,False,False,False,False,False,117,42,True
pncA,pyrazinamide,p.His71Asn,N,False,False,False,False,True,True,False,False,132,-23,True
pncA,pyrazinamide,p.Asn118Thr,T,False,False,False,False,True,False,False,False,119,-13,True
pncA,pyrazinamide,p.Arg140His,H,False,False,False,True,False,False,False,False,155,-19,True
pncA,pyrazinamide,p.Asp49His,H,False,False,False,True,False,False,False,False,155,22,False
pncA,pyrazinamide,p.Val7Asp,D,False,True,True,True,False,False,False,False,133,16,False
pncA,pyrazinamide,p.Ser185Thr,T,False,False,False,False,True,False,False,False,119,14,False
pncA,pyrazinamide,p.His71Asp,D,False,False,True,True,False,False,False,False,133,-22,True
pncA,pyrazinamide,p.Thr153Asn,N,False,False,False,False,True,False,False,False,132,13,False
pncA,pyrazinamide,p.Ser185Ile,I,True,False,False,False,False,True,False,False,131,26,False
pncA,pyrazinamide,p.Ala26Gly,G,False,True,False,False,False,False,False,False,75,-14,False
pncA,pyrazinamide,p.Tyr41His,H,False,True,False,False,False,True,False,True,155,-26,False
pncA,pyrazinamide,p.Glu181Asp,D,False,False,True,False,False,False,False,False,133,-14,False
pncA,pyrazinamide,p.Ala143Asp,D,False,True,True,True,False,False,False,False,133,44,True
pncA,pyrazinamide,p.Met175Lys,K,False,True,True,True,False,True,False,False,146,-3,True
pncA,pyrazinamide,p.Gly105Arg,R,False,False,True,True,False,False,False,False,174,99,True
pncA,pyrazinamide,p.Val9Leu,L,True,False,False,False,False,False,False,False,131,14,False
pncA,pyrazinamide,p.Ala143Pro,P,False,True,False,False,False,False,False,False,115,26,True
pncA,pyrazinamide,p.Ala134Ser,S,False,True,False,False,True,True,False,False,105,16,True
pncA,pyrazinamide,p.Ile6Met,M,True,False,False,False,True,True,False,False,149,18,False
pncA,pyrazinamide,p.Val130Glu,E,False,True,True,True,False,False,False,False,147,30,False
pncA,pyrazinamide,p.Ala165Thr,T,False,True,False,False,True,True,False,False,119,30,False
pncA,pyrazinamide,p.Asp53Ala,A,True,False,False,True,False,False,False,False,89,-44,True
pncA,pyrazinamide,p.Met1Thr,T,False,True,False,False,True,False,False,False,119,-30,False
pncA,pyrazinamide,p.Thr114Ala,A,True,False,False,False,False,True,False,False,89,-30,True
pncA,pyrazinamide,p.Gly24Arg,R,False,False,True,True,False,False,False,False,174,99,False
pncA,pyrazinamide,p.His57Asn,N,False,False,False,False,True,True,False,False,132,-23,True
pncA,pyrazinamide,p.Ala79Gly,G,False,True,False,False,False,False,False,False,75,-14,True
pncA,pyrazinamide,p.Gly132Val,V,True,False,False,False,False,False,False,False,117,42,False
pncA,pyrazinamide,p.Asp53Asn,N,False,False,False,True,True,True,False,False,132,-1,True
pncA,pyrazinamide,p.Glu174Gly,G,False,False,False,True,False,False,False,False,75,-72,False
pncA,pyrazinamide,p.His51Asn,N,False,False,False,False,True,True,False,False,132,-23,True
pncA,pyrazinamide,p.Thr47Ser,S,False,False,False,False,True,False,False,False,105,-14,True
pncA,pyrazinamide,p.Cys138Tyr,Y,True,False,False,False,True,False,True,True,181,60,True
rpsA,pyrazinamide,p.Arg474Trp,W,True,False,False,True,True,True,True,True,204,30,False
rpsA,pyrazinamide,p.Glu433Asp,D,False,False,True,False,False,False,False,False,133,-14,False
rpsA,pyrazinamide,p.Arg474Leu,L,True,False,False,True,False,False,False,False,131,-43,False
rpoB,rifampicin,p.Ala451Gly,G,False,True,False,False,False,False,False,False,75,-14,False
rpoB,rifampicin,p.Ala451Val,V,True,False,False,False,False,False,False,False,117,28,False
rpoB,rifampicin,p.Arg448Gln,Q,False,False,False,True,True,True,False,False,146,-28,False
rpoB,rifampicin,p.Arg448Leu,L,True,False,False,True,False,False,False,False,131,-43,False
rpoB,rifampicin,p.Arg448Lys,K,False,False,True,False,False,False,False,False,146,-28,False
rpoB,rifampicin,p.Asn437Asp,D,False,False,True,True,False,True,False,False,133,1,False
rpoB,rifampicin,p.Asn437His,H,False,False,False,False,False,True,False,False,155,23,False
rpoB,rifampicin,p.Asn437Ile,I,True,False,False,False,False,True,False,False,131,-1,False
rpoB,rifampicin,p.Asn437Ser,S,False,False,False,False,True,False,False,False,105,-27,False
rpoB,rifampicin,p.Asn437Tyr,Y,True,False,False,False,True,False,True,True,181,49,False
rpoB,rifampicin,p.Asn438del,X,False,False,False,False,False,True,False,False,0,-132,False
rpoB,rifampicin,p.Asn438His,H,False,False,False,False,False,True,False,False,155,23,False
rpoB,rifampicin,p.Asp435Ala,A,True,False,False,True,False,False,False,False,89,-44,False
rpoB,rifampicin,p.Asp435Asn,N,False,False,False,True,True,True,False,False,132,-1,False
rpoB,rifampicin,p.Asp435del,X,False,False,False,True,False,False,False,False,0,-133,False
rpoB,rifampicin,p.Asp435Glu,E,False,False,True,False,False,False,False,False,147,14,False
rpoB,rifampicin,p.Asp435Gly,G,False,False,False,True,False,False,False,False,75,-58,False
rpoB,rifampicin,p.Asp435His,H,False,False,False,True,False,False,False,False,155,22,False
rpoB,rifampicin,p.Asp435Leu,L,True,False,False,True,False,False,False,False,131,-2,False
rpoB,rifampicin,p.Asp435Phe,F,True,False,False,True,False,False,True,True,165,32,False
rpoB,rifampicin,p.Asp435Tyr,Y,True,False,False,True,True,True,True,True,181,48,False
rpoB,rifampicin,p.Asp435Val,V,True,False,False,True,False,False,False,False,117,-16,False
rpoB,rifampicin,p.Gln429His,H,False,False,False,False,False,True,False,False,155,9,False
rpoB,rifampicin,p.Gln429Leu,L,True,False,False,False,False,True,False,False,131,-15,False
rpoB,rifampicin,p.Gln429Pro,P,False,False,False,False,False,True,False,False,115,-31,False
rpoB,rifampicin,p.Gln432Asn,N,False,False,False,False,True,False,False,False,132,-14,False
rpoB,rifampicin,p.Gln432del,X,False,False,False,False,False,True,False,False,0,-146,False
rpoB,rifampicin,p.Gln432Glu,E,False,False,True,True,False,True,False,False,147,1,False
rpoB,rifampicin,p.Gln432His,H,False,False,False,False,False,True,False,False,155,9,False
rpoB,rifampicin,p.Gln432Leu,L,True,False,False,False,False,True,False,False,131,-15,False
rpoB,rifampicin,p.Gln432Lys,K,False,False,True,True,False,True,False,False,146,0,False
rpoB,rifampicin,p.Gln432Pro,P,False,False,False,False,False,True,False,False,115,-31,False
rpoB,rifampicin,p.Gln436Arg,R,False,False,True,True,False,True,False,False,174,28,False
rpoB,rifampicin,p.Gln436Asn,N,False,False,False,False,True,False,False,False,132,-14,False
rpoB,rifampicin,p.Gln436del,X,False,False,False,False,False,True,False,False,0,-146,False
rpoB,rifampicin,p.Gln436Pro,P,False,False,False,False,False,True,False,False,115,-31,False
rpoB,rifampicin,p.Gly426Ser,S,False,False,False,False,True,True,False,False,105,30,False
rpoB,rifampicin,p.Gly442Glu,E,False,False,True,True,False,False,False,False,147,72,False
rpoB,rifampicin,p.His445Arg,R,False,False,True,True,False,False,False,False,174,19,False
rpoB,rifampicin,p.His445Asn,N,False,False,False,False,True,True,False,False,132,-23,False
rpoB,rifampicin,p.His445Asp,D,False,False,True,True,False,False,False,False,133,-22,False
rpoB,rifampicin,p.His445Cys,C,False,False,False,False,True,True,False,False,121,-34,False
rpoB,rifampicin,p.His445Gln,Q,False,False,False,False,True,True,False,False,146,-9,False
rpoB,rifampicin,p.His445Gly,G,False,False,False,False,False,False,False,False,75,-80,False
rpoB,rifampicin,p.His445Leu,L,True,False,False,False,False,False,False,False,131,-24,False
rpoB,rifampicin,p.His445Phe,F,True,False,False,False,False,False,True,True,165,10,False
rpoB,rifampicin,p.His445Pro,P,False,False,False,False,False,False,False,False,115,-40,False
rpoB,rifampicin,p.His445Ser,S,False,False,False,False,True,True,False,False,105,-50,False
rpoB,rifampicin,p.His445Thr,T,False,False,False,False,True,True,False,False,119,-36,False
rpoB,rifampicin,p.His445Tyr,Y,True,False,False,False,True,True,True,True,181,26,False
rpoB,rifampicin,p.Ile491Phe,F,True,False,False,False,False,False,True,True,165,34,False
rpoB,rifampicin,p.Leu430Arg,R,False,True,True,True,False,False,False,False,174,43,False
rpoB,rifampicin,p.Leu430Pro,P,False,True,False,False,False,False,False,False,115,-16,False
rpoB,rifampicin,p.Leu443Phe,F,True,False,False,False,False,False,True,True,165,34,False
rpoB,rifampicin,p.Leu443Ser,S,False,True,False,False,True,True,False,False,105,-26,False
rpoB,rifampicin,p.Leu443Trp,W,True,False,False,False,True,True,True,True,204,73,False
rpoB,rifampicin,p.Leu449Met,M,True,False,False,False,True,True,False,False,149,18,False
rpoB,rifampicin,p.Leu452Met,M,True,False,False,False,True,True,False,False,149,18,False
rpoB,rifampicin,p.Leu452Pro,P,False,True,False,False,False,False,False,False,115,-16,False
rpoB,rifampicin,p.Leu452Val,V,True,False,False,False,False,False,False,False,117,-14,False
rpoB,rifampicin,p.Lys446Arg,R,False,False,True,False,False,False,False,False,174,28,False
rpoB,rifampicin,p.Lys446Gln,Q,False,False,False,True,True,True,False,False,146,0,False
rpoB,rifampicin,p.Lys446Glu,E,False,False,True,False,False,False,False,False,147,1,False
rpoB,rifampicin,p.Lys446Thr,T,False,False,False,True,True,True,False,False,119,-27,False
rpoB,rifampicin,p.Met434Arg,R,False,True,True,True,False,True,False,False,174,25,False
rpoB,rifampicin,p.Met434Ile,I,True,False,False,False,False,True,False,False,131,-18,False
rpoB,rifampicin,p.Met434Leu,L,True,False,False,False,False,True,False,False,131,-18,False
rpoB,rifampicin,p.Met434Thr,T,False,True,False,False,True,False,False,False,119,-30,False
rpoB,rifampicin,p.Met434Val,V,True,False,False,False,False,True,False,False,117,-32,False
rpoB,rifampicin,p.Phe433dup,X,False,True,False,False,False,False,False,True,0,-165,False
rpoB,rifampicin,p.Pro439Ala,A,True,False,False,False,False,False,False,False,89,-26,False
rpoB,rifampicin,p.Pro439Leu,L,True,False,False,False,False,False,False,False,131,16,False
rpoB,rifampicin,p.Pro439Ser,S,False,False,False,False,True,True,False,False,105,-10,False
rpoB,rifampicin,p.Ser428Arg,R,False,False,True,True,False,True,False,False,174,69,False
rpoB,rifampicin,p.Ser428Gly,G,False,False,False,False,False,True,False,False,75,-30,False
rpoB,rifampicin,p.Ser428Ile,I,True,False,False,False,False,True,False,False,131,26,False
rpoB,rifampicin,p.Ser428Thr,T,False,False,False,False,True,False,False,False,119,14,False
rpoB,rifampicin,p.Ser431Arg,R,False,False,True,True,False,True,False,False,174,69,False
rpoB,rifampicin,p.Ser431Asn,N,False,False,False,False,True,False,False,False,132,27,False
rpoB,rifampicin,p.Ser431Gly,G,False,False,False,False,False,True,False,False,75,-30,False
rpoB,rifampicin,p.Ser431Thr,T,False,False,False,False,True,False,False,False,119,14,False
rpoB,rifampicin,p.Ser441Ala,A,True,False,False,False,False,True,False,False,89,-16,False
rpoB,rifampicin,p.Ser441Gln,Q,False,False,False,False,True,False,False,False,146,41,False
rpoB,rifampicin,p.Ser441Leu,L,True,False,False,False,False,True,False,False,131,26,False
rpoB,rifampicin,p.Ser441Lys,K,False,False,True,True,False,True,False,False,146,41,False
rpoB,rifampicin,p.Ser441Met,M,True,False,False,False,True,False,False,False,149,44,False
rpoB,rifampicin,p.Ser441Trp,W,True,False,False,False,True,False,True,True,204,99,False
rpoB,rifampicin,p.Ser441Val,V,True,False,False,False,False,True,False,False,117,12,False
rpoB,rifampicin,p.Ser450Ala,A,True,False,False,False,False,True,False,False,89,-16,False
rpoB,rifampicin,p.Ser450Cys,C,False,False,False,False,True,False,False,False,121,16,False
rpoB,rifampicin,p.Ser450Gln,Q,False,False,False,False,True,False,False,False,146,41,False
rpoB,rifampicin,p.Ser450Gly,G,False,False,False,False,False,True,False,False,75,-30,False
rpoB,rifampicin,p.Ser450Leu,L,True,False,False,False,False,True,False,False,131,26,False
rpoB,rifampicin,p.Ser450Met,M,True,False,False,False,True,False,False,False,149,44,False
rpoB,rifampicin,p.Ser450Phe,F,True,False,False,False,False,True,True,True,165,60,False
rpoB,rifampicin,p.Ser450Trp,W,True,False,False,False,True,False,True,True,204,99,False
rpoB,rifampicin,p.Ser450Tyr,Y,True,False,False,False,True,False,True,True,181,76,False
rpoB,rifampicin,p.Ser450Val,V,True,False,False,False,False,True,False,False,117,12,False
rpoB,rifampicin,p.Thr427Ala,A,True,False,False,False,False,True,False,False,89,-30,False
rpoB,rifampicin,p.Thr427Asn,N,False,False,False,False,True,False,False,False,132,13,False
rpoB,rifampicin,p.Thr427Gly,G,False,False,False,False,False,True,False,False,75,-44,False
rpoB,rifampicin,p.Thr427Ile,I,True,False,False,False,False,True,False,False,131,12,False
rpoB,rifampicin,p.Thr427Pro,P,False,False,False,False,False,True,False,False,115,-4,False
rpoB,rifampicin,p.Thr427Ser,S,False,False,False,False,True,False,False,False,105,-14,False
rpoB,rifampicin,p.Thr444dup,X,False,False,False,False,False,True,False,False,0,-119,False
rpoB,rifampicin,p.Thr444Ile,I,True,False,False,False,False,True,False,False,131,12,False
rpoB,rifampicin,p.Thr444Pro,P,False,False,False,False,False,True,False,False,115,-4,False
rpoB,rifampicin,p.Thr444Ser,S,False,False,False,False,True,False,False,False,105,-14,False
rpoB,rifampicin,p.Val170Phe,F,True,False,False,False,False,False,True,True,165,48,False
rpoB,rifampicin,p.Gln436His,H,False,False,False,False,False,True,False,False,155,9,False
rpoB,rifampicin,p.Leu452Gln,Q,False,True,False,False,True,True,False,False,146,15,False
rpoB,rifampicin,p.Leu430Val,V,True,False,False,False,False,False,False,False,117,-14,False
rpoB,rifampicin,p.Gln429Lys,K,False,False,True,True,False,True,False,False,146,0,False
rpoB,rifampicin,p.Ser472Ala,A,True,False,False,False,False,True,False,False,89,-16,False
rpoB,rifampicin,p.Asn438Lys,K,False,False,True,True,False,True,False,False,146,14,False
rpoB,rifampicin,p.Gln409His,H,False,False,False,False,False,True,False,False,155,9,False
rpoB,rifampicin,p.Gly442Trp,W,True,False,False,False,True,True,True,True,204,129,False
rpoB,rifampicin,p.Lys446Asn,N,False,False,False,True,True,True,False,False,132,-14,False
rpoB,rifampicin,p.Phe424Ser,S,False,True,False,False,True,True,False,True,105,-60,False
rpoB,rifampicin,p.Ser431Ile,I,True,False,False,False,False,True,False,False,131,26,False
rpoB,rifampicin,p.Gly426Asp,D,False,False,True,True,False,False,False,False,133,58,False
rpoB,rifampicin,p.Arg447His,H,False,False,False,True,False,False,False,False,155,-19,False
rpoB,rifampicin,p.Leu440Met,M,True,False,False,False,True,True,False,False,149,18,False
rpoB,rifampicin,p.Gln436Leu,L,True,False,False,False,False,True,False,False,131,-15,False
rpoB,rifampicin,p.Leu457Pro,P,False,True,False,False,False,False,False,False,115,-16,False
rpoB,rifampicin,p.Phe433Val,V,True,False,False,False,False,False,False,True,117,-48,False
rpoB,rifampicin,p.Gln432Arg,R,False,False,True,True,False,True,False,False,174,28,False
rpoB,rifampicin,p.Arg447Pro,P,False,False,False,True,False,False,False,False,115,-59,False
rpoB,rifampicin,p.Leu440Pro,P,False,True,False,False,False,False,False,False,115,-16,False
rpoB,rifampicin,p.Gly442Ala,A,True,False,False,False,False,False,False,False,89,14,False
rpoB,rifampicin,p.Leu464Met,M,True,False,False,False,True,True,False,False,149,18,False
rpoB,rifampicin,p.Thr482Pro,P,False,False,False,False,False,True,False,False,115,-4,False
rpoB,rifampicin,p.Glu481Gly,G,False,False,False,True,False,False,False,False,75,-72,False
rpoB,rifampicin,p.Asn437Thr,T,False,False,False,False,True,False,False,False,119,-13,False
rpoB,rifampicin,p.Phe433Leu,L,True,False,False,False,False,False,False,True,131,-34,False
gid,streptomycin,p.Ala134Glu,E,False,True,True,True,False,False,False,False,147,58,False
gid,streptomycin,p.Ala200Glu,E,False,True,True,True,False,False,False,False,147,58,False
gid,streptomycin,p.Asp67His,H,False,False,False,True,False,False,False,False,155,22,False
gid,streptomycin,p.Gly73Ala,A,True,False,False,False,False,False,False,False,89,14,False
gid,streptomycin,p.Gly73Glu,E,False,False,True,True,False,False,False,False,147,72,False
gid,streptomycin,p.His48Gln,Q,False,False,False,False,True,True,False,False,146,-9,False
gid,streptomycin,p.Pro84Leu,L,True,False,False,False,False,False,False,False,131,16,False
gid,streptomycin,p.Ser70Asn,N,False,False,False,False,True,False,False,False,132,27,False
gid,streptomycin,p.Val105Glu,E,False,True,True,True,False,False,False,False,147,30,False
rpsL,streptomycin,p.Lys43Arg,R,False,False,True,False,False,False,False,False,174,28,True
rpsL,streptomycin,p.Lys88Arg,R,False,False,True,False,False,False,False,False,174,28,True
rpsL,streptomycin,p.Lys88Gln,Q,False,False,False,True,True,True,False,False,146,0,True
rpsL,streptomycin,p.Lys88Met,M,True,False,False,True,True,True,False,False,149,3,True
rpsL,streptomycin,p.Arg86Pro,P,False,False,False,True,False,False,False,False,115,-59,True
rpsL,streptomycin,p.Val52Gly,G,False,True,False,False,False,False,False,False,75,-42,True
rpsL,streptomycin,p.Val87Leu,L,True,False,False,False,False,False,False,False,131,14,True
rpsL,streptomycin,p.Lys51Asn,N,False,False,False,True,True,True,False,False,132,-14,True
rpsL,streptomycin,p.Val93Met,M,True,False,False,False,True,True,False,False,149,32,True
rpsL,streptomycin,p.Thr41Ser,S,False,False,False,False,True,False,False,False,105,-14,True
rpsL,streptomycin,p.Gly84Val,V,True,False,False,False,False,False,False,False,117,42,True
rpsL,streptomycin,p.Arg86Trp,W,True,False,False,True,True,True,True,True,204,30,True
rpsL,streptomycin,p.Arg9His,H,False,False,False,True,False,False,False,False,155,-19,False
thyA,para-aminosalicylic_acid,p.Arg222Gly,G,False,False,False,True,False,False,False,False,75,-99,True
thyA,para-aminosalicylic_acid,p.Arg235Pro,P,False,False,False,True,False,False,False,False,115,-59,True
thyA,para-aminosalicylic_acid,p.Trp83Cys,C,False,True,False,False,True,False,False,True,121,-83,False
thyA,para-aminosalicylic_acid,p.Val77Phe,F,True,False,False,False,False,False,True,True,165,48,True
thyA,para-aminosalicylic_acid,p.Thr22Ala,A,True,False,False,False,False,True,False,False,89,-30,True
thyA,para-aminosalicylic_acid,p.Pro224Leu,L,True,False,False,False,False,False,False,False,131,16,False
thyA,para-aminosalicylic_acid,p.Cys161Tyr,Y,True,False,False,False,True,False,True,True,181,60,True
thyA,para-aminosalicylic_acid,p.Phe152Val,V,True,False,False,False,False,False,False,True,117,-48,False
thyA,para-aminosalicylic_acid,p.His207Arg,R,False,False,True,True,False,False,False,False,174,19,True
thyA,para-aminosalicylic_acid,p.Gly91Arg,R,False,False,True,True,False,False,False,False,174,99,False
thyA,para-aminosalicylic_acid,p.Tyr36Cys,C,False,True,False,False,True,False,False,True,121,-60,True
thyA,para-aminosalicylic_acid,p.His75Asn,N,False,False,False,False,True,True,False,False,132,-23,False
thyA,para-aminosalicylic_acid,p.Ser105Pro,P,False,False,False,False,False,True,False,False,115,10,False
thyA,para-aminosalicylic_acid,p.Trp101Arg,R,False,True,True,True,False,True,False,True,174,-30,True
thyA,para-aminosalicylic_acid,p.Arg126Gln,Q,False,False,False,True,True,True,False,False,146,-28,True
folC,para-aminosalicylic_acid,p.Phe152Leu,L,True,False,False,False,False,False,False,True,131,-34,False
folC,para-aminosalicylic_acid,p.Arg91Trp,W,True,False,False,True,True,True,True,True,204,30,False
folC,para-aminosalicylic_acid,p.Ala183Pro,P,False,True,False,False,False,False,False,False,115,26,True
folC,para-aminosalicylic_acid,p.Ser150Arg,R,False,False,True,True,False,True,False,False,174,69,False
folC,para-aminosalicylic_acid,p.Leu56Val,V,True,False,False,False,False,False,False,False,117,-14,False
folC,para-aminosalicylic_acid,p.Thr20Pro,P,False,False,False,False,False,True,False,False,115,-4,False
folC,para-aminosalicylic_acid,p.Ser150Gly,G,False,False,False,False,False,True,False,False,75,-30,False
folC,para-aminosalicylic_acid,p.Glu40Gln,Q,False,False,False,True,True,True,False,False,146,-1,True
folC,para-aminosalicylic_acid,p.Phe152Ser,S,False,True,False,False,True,True,False,True,105,-60,False
folC,para-aminosalicylic_acid,p.Glu153Gly,G,False,False,False,True,False,False,False,False,75,-72,False
folC,para-aminosalicylic_acid,p.Glu153Ala,A,True,False,False,True,False,False,False,False,89,-58,False
folC,para-aminosalicylic_acid,p.Arg49Pro,P,False,False,False,True,False,False,False,False,115,-59,False
folC,para-aminosalicylic_acid,p.Ile43Thr,T,False,True,False,False,True,True,False,False,119,-12,True
folC,para-aminosalicylic_acid,p.Ser150Cys,C,False,False,False,False,True,False,False,False,121,16,False
folC,para-aminosalicylic_acid,p.Ile43Ser,S,False,True,False,False,True,True,False,False,105,-26,True
folC,para-aminosalicylic_acid,p.Asn73Ser,S,False,False,False,False,True,False,False,False,105,-27,False
folC,para-aminosalicylic_acid,p.Glu40Gly,G,False,False,False,True,False,False,False,False,75,-72,True
folC,para-aminosalicylic_acid,p.Arg49Trp,W,True,False,False,True,True,True,True,True,204,30,False
kasA,isoniazid,p.Arg121Lys,K,False,False,True,False,False,False,False,False,146,-28,True
kasA,isoniazid,p.Gly387Asp,D,False,False,True,True,False,False,False,False,133,58,False
kasA,isoniazid,p.Asp66Asn,N,False,False,False,True,True,True,False,False,132,-1,False
kasA,isoniazid,p.Met77Ile,I,True,False,False,False,False,True,False,False,131,-18,True
mmpR5,clofazimine,p.Glu138Gly,G,False,False,False,True,False,False,False,False,75,-72,True
mmpR5,clofazimine,p.Ser63Arg,R,False,False,True,True,False,True,False,False,174,69,False
mmpR5,bedaquiline,p.Glu138Gly,G,False,False,False,True,False,False,False,False,75,-72,True
alr,cycloserine,p.Phe4Leu,L,True,False,False,False,False,False,False,True,131,-34,False
alr,cycloserine,p.Met343Thr,T,False,True,False,False,True,False,False,False,119,-30,False
alr,cycloserine,p.Leu113Arg,R,False,True,True,True,False,False,False,False,174,43,True
ribD,para-aminosalicylic_acid,p.Gly8Arg,R,False,False,True,True,False,False,False,False,174,99,False
